{
  "total": 47,
  "items": [
    {
      "offerId": "rent-001",
      "partnerName": "Locadora Brasil Car",
      "partnerPhone": "+55 11 4002-8922",
      "partnerEmail": "contato@brasilcar.com.br",
      "partnerWebsite": "https://www.brasilcar.com.br",
      "supportPhone": "0800-111-9000",
      "city": "São Paulo",
      "state": "SP",
      "category": "COMPACT",
      "dailyRate": 129.9,
      "includedKmPerDay": 200,
      "transmission": "MANUAL",
      "airConditioning": true,
      "availableFrom": "2025-02-15",
      "availableTo": "2025-12-31",
      "requiresCoverage": false,
      "notes": "Oferta especial para clientes com sinistro ativo na região de São Paulo."
    },
    {
      "offerId": "rent-002",
      "partnerName": "LocaFácil",
      "partnerPhone": "+55 11 3500-2211",
      "partnerEmail": "suporte@locafacil.com.br",
      "partnerWebsite": "https://www.locafacil.com.br",
      "supportPhone": "0800-333-1001",
      "city": "São Paulo",
      "state": "SP",
      "category": "SEDAN",
      "dailyRate": 169.9,
      "includedKmPerDay": 300,
      "transmission": "AUTOMATIC",
      "airConditioning": true,
      "availableFrom": "2025-02-10",
      "availableTo": "2025-11-30",
      "requiresCoverage": true,
      "notes": "Plano válido somente para apólices com cobertura de carro reserva."
    },
    {
      "offerId": "rent-003",
      "partnerName": "Rio Rent a Car",
      "partnerPhone": "+55 21 2222-9090",
      "partnerEmail": "atendimento@riorentacar.com.br",
      "partnerWebsite": "https://www.riorentacar.com.br",
      "supportPhone": "0800-215-7788",
      "city": "Rio de Janeiro",
      "state": "RJ",
      "category": "ECONOMY",
      "dailyRate": 119.0,
      "includedKmPerDay": 150,
      "transmission": "MANUAL",
      "airConditioning": true,
      "availableFrom": "2025-03-01",
      "availableTo": "2025-09-30",
      "requiresCoverage": false,
      "notes": "Retirada no aeroporto Santos Dumont ou Galeão."
    },
    {
      "offerId": "rent-004",
      "partnerName": "Nordeste Locadora",
      "partnerPhone": "+55 71 3003-5566",
      "partnerEmail": "reservas@nordestelocadora.com.br",
      "partnerWebsite": "https://www.nordestelocadora.com.br",
      "supportPhone": "0800-700-5500",
      "city": "Salvador",
      "state": "BA",
      "category": "SUV",
      "dailyRate": 219.9,
      "includedKmPerDay": 250,
      "transmission": "AUTOMATIC",
      "airConditioning": true,
      "availableFrom": "2025-02-20",
      "availableTo": "2025-12-31",
      "requiresCoverage": true,
      "notes": "Cobertura total já inclusa, necessário vínculo com sinistro ativo."
    },
    {
      "offerId": "rent-005",
      "partnerName": "SulCar Rental",
      "partnerPhone": "+55 51 3200-8800",
      "partnerEmail": "contato@sulcarrental.com.br",
      "partnerWebsite": "https://www.sulcarrental.com.br",
      "supportPhone": "0800-555-1212",
      "city": "Porto Alegre",
      "state": "RS",
      "category": "COMPACT",
      "dailyRate": 139.5,
      "includedKmPerDay": 200,
      "transmission": "MANUAL",
      "airConditioning": true,
      "availableFrom": "2025-01-01",
      "availableTo": "2025-12-31",
      "requiresCoverage": false,
      "notes": "Desconto de 10% para clientes com apólice ativa há mais de 2 anos."
    },
    {
      "offerId": "rent-006",
      "partnerName": "Litoral Veículos",
      "partnerPhone": "+55 13 3300-5522",
      "partnerEmail": "suporte@litoralveiculos.com.br",
      "partnerWebsite": "https://www.litoralveiculos.com.br",
      "supportPhone": "0800-200-8844",
      "city": "Santos",
      "state": "SP",
      "category": "SEDAN",
      "dailyRate": 159.9,
      "includedKmPerDay": 180,
      "transmission": "AUTOMATIC",
      "airConditioning": true,
      "availableFrom": "2025-03-10",
      "availableTo": "2025-10-31",
      "requiresCoverage": false,
      "notes": "Ideal para carros em reparo na rede referenciada de Santos."
    },
    {
      "offerId": "rent-007",
      "partnerName": "Centro-Oeste Rent",
      "partnerPhone": "+55 61 3999-4400",
      "partnerEmail": "locacao@centrooesterent.com.br",
      "partnerWebsite": "https://www.centrooesterent.com.br",
      "supportPhone": "0800-777-2200",
      "city": "Brasília",
      "state": "DF",
      "category": "SUV",
      "dailyRate": 229.0,
      "includedKmPerDay": 250,
      "transmission": "AUTOMATIC",
      "airConditioning": true,
      "availableFrom": "2025-02-01",
      "availableTo": "2025-12-31",
      "requiresCoverage": true,
      "notes": "Disponível apenas mediante autorização da seguradora."
    },
    {
      "offerId": "rent-008",
      "partnerName": "Floripa Car Rental",
      "partnerPhone": "+55 48 3200-1133",
      "partnerEmail": "contato@floripacarrental.com.br",
      "partnerWebsite": "https://www.floripacarrental.com.br",
      "supportPhone": "0800-488-9900",
      "city": "Florianópolis",
      "state": "SC",
      "category": "ECONOMY",
      "dailyRate": 125.0,
      "includedKmPerDay": 200,
      "transmission": "MANUAL",
      "airConditioning": true,
      "availableFrom": "2025-01-15",
      "availableTo": "2025-08-31",
      "requiresCoverage": false,
      "notes": "Retirada próxima às principais oficinas credenciadas."
    },

    {
      "offerId": "rent-009",
      "partnerName": "Carioca Fácil Rent",
      "partnerPhone": "+55 21 3456-7788",
      "partnerEmail": "contato@cariocafacilrent.com.br",
      "partnerWebsite": "https://www.cariocafacilrent.com.br",
      "supportPhone": "0800-210-4455",
      "city": "Rio de Janeiro",
      "state": "RJ",
      "category": "COMPACT",
      "dailyRate": 135.0,
      "includedKmPerDay": 180,
      "transmission": "MANUAL",
      "airConditioning": true,
      "availableFrom": "2025-02-20",
      "availableTo": "2025-12-31",
      "requiresCoverage": false,
      "notes": "Atendimento próximo às principais regiões turísticas do Rio."
    },
    {
      "offerId": "rent-010",
      "partnerName": "Bahia Car Service",
      "partnerPhone": "+55 71 3555-4411",
      "partnerEmail": "contato@bahiacarservice.com.br",
      "partnerWebsite": "https://www.bahiacarservice.com.br",
      "supportPhone": "0800-701-9933",
      "city": "Salvador",
      "state": "BA",
      "category": "ECONOMY",
      "dailyRate": 129.0,
      "includedKmPerDay": 200,
      "transmission": "MANUAL",
      "airConditioning": true,
      "availableFrom": "2025-03-01",
      "availableTo": "2025-12-31",
      "requiresCoverage": false,
      "notes": "Veículos econômicos para uso urbano em Salvador."
    },
    {
      "offerId": "rent-011",
      "partnerName": "Gaúcho Rent",
      "partnerPhone": "+55 51 3555-6677",
      "partnerEmail": "reservas@gauchorent.com.br",
      "partnerWebsite": "https://www.gauchorent.com.br",
      "supportPhone": "0800-550-3322",
      "city": "Porto Alegre",
      "state": "RS",
      "category": "SEDAN",
      "dailyRate": 169.0,
      "includedKmPerDay": 250,
      "transmission": "AUTOMATIC",
      "airConditioning": true,
      "availableFrom": "2025-02-10",
      "availableTo": "2025-12-31",
      "requiresCoverage": false,
      "notes": "Ideal para clientes em oficinas da região metropolitana."
    },
    {
      "offerId": "rent-012",
      "partnerName": "Praia Car Santos",
      "partnerPhone": "+55 13 3555-8899",
      "partnerEmail": "contato@praiacarsantos.com.br",
      "partnerWebsite": "https://www.praiacarsantos.com.br",
      "supportPhone": "0800-202-7788",
      "city": "Santos",
      "state": "SP",
      "category": "COMPACT",
      "dailyRate": 135.5,
      "includedKmPerDay": 200,
      "transmission": "MANUAL",
      "airConditioning": true,
      "availableFrom": "2025-02-25",
      "availableTo": "2025-11-30",
      "requiresCoverage": false,
      "notes": "Locadora próxima à orla e principais oficinas credenciadas."
    },
    {
      "offerId": "rent-013",
      "partnerName": "Ilha Car Floripa",
      "partnerPhone": "+55 48 3456-9900",
      "partnerEmail": "reservas@ilhacarfloripa.com.br",
      "partnerWebsite": "https://www.ilhacarfloripa.com.br",
      "supportPhone": "0800-480-1212",
      "city": "Florianópolis",
      "state": "SC",
      "category": "COMPACT",
      "dailyRate": 132.0,
      "includedKmPerDay": 220,
      "transmission": "MANUAL",
      "airConditioning": true,
      "availableFrom": "2025-02-10",
      "availableTo": "2025-12-31",
      "requiresCoverage": false,
      "notes": "Atendimento próximo às oficinas credenciadas do norte da ilha."
    },

    {
      "offerId": "rent-014",
      "partnerName": "Campinas Local Car",
      "partnerPhone": "+55 19 3333-2211",
      "partnerEmail": "contato@campinaslocalcar.com.br",
      "partnerWebsite": "https://www.campinaslocalcar.com.br",
      "supportPhone": "0800-190-3344",
      "city": "Campinas",
      "state": "SP",
      "category": "COMPACT",
      "dailyRate": 129.0,
      "includedKmPerDay": 200,
      "transmission": "MANUAL",
      "airConditioning": true,
      "availableFrom": "2025-02-15",
      "availableTo": "2025-12-31",
      "requiresCoverage": false,
      "notes": "Parceria com oficinas credenciadas em Campinas."
    },
    {
      "offerId": "rent-015",
      "partnerName": "Metropolis Rent Campinas",
      "partnerPhone": "+55 19 3555-7788",
      "partnerEmail": "reservas@metropolisrentcampinas.com.br",
      "partnerWebsite": "https://www.metropolisrentcampinas.com.br",
      "supportPhone": "0800-199-8877",
      "city": "Campinas",
      "state": "SP",
      "category": "SEDAN",
      "dailyRate": 159.0,
      "includedKmPerDay": 250,
      "transmission": "AUTOMATIC",
      "airConditioning": true,
      "availableFrom": "2025-03-01",
      "availableTo": "2025-12-31",
      "requiresCoverage": true,
      "notes": "Sedans indicados para clientes com sinistro de maior duração."
    },
    {
      "offerId": "rent-016",
      "partnerName": "Curitiba Urban Cars",
      "partnerPhone": "+55 41 3333-4455",
      "partnerEmail": "contato@curitibaurbancars.com.br",
      "partnerWebsite": "https://www.curitibaurbancars.com.br",
      "supportPhone": "0800-410-7788",
      "city": "Curitiba",
      "state": "PR",
      "category": "ECONOMY",
      "dailyRate": 119.9,
      "includedKmPerDay": 180,
      "transmission": "MANUAL",
      "airConditioning": true,
      "availableFrom": "2025-02-10",
      "availableTo": "2025-11-30",
      "requiresCoverage": false,
      "notes": "Ideal para deslocamentos diários em Curitiba."
    },
    {
      "offerId": "rent-017",
      "partnerName": "Paraná Rent",
      "partnerPhone": "+55 41 3555-6677",
      "partnerEmail": "reservas@paranarent.com.br",
      "partnerWebsite": "https://www.paranarent.com.br",
      "supportPhone": "0800-411-5566",
      "city": "Curitiba",
      "state": "PR",
      "category": "SEDAN",
      "dailyRate": 155.0,
      "includedKmPerDay": 220,
      "transmission": "AUTOMATIC",
      "airConditioning": true,
      "availableFrom": "2025-03-05",
      "availableTo": "2025-12-31",
      "requiresCoverage": false,
      "notes": "Locadora parceira próxima às principais vias de acesso."
    },
    {
      "offerId": "rent-018",
      "partnerName": "BH Locar",
      "partnerPhone": "+55 31 3222-7788",
      "partnerEmail": "contato@bhlocar.com.br",
      "partnerWebsite": "https://www.bhlocar.com.br",
      "supportPhone": "0800-310-8899",
      "city": "Belo Horizonte",
      "state": "MG",
      "category": "COMPACT",
      "dailyRate": 132.5,
      "includedKmPerDay": 200,
      "transmission": "MANUAL",
      "airConditioning": true,
      "availableFrom": "2025-02-20",
      "availableTo": "2025-12-31",
      "requiresCoverage": false,
      "notes": "Atendimento próximo às regiões centrais de BH."
    },
    {
      "offerId": "rent-019",
      "partnerName": "Minas Car Rental",
      "partnerPhone": "+55 31 3444-5566",
      "partnerEmail": "reservas@minascarrental.com.br",
      "partnerWebsite": "https://www.minascarrental.com.br",
      "supportPhone": "0800-315-5566",
      "city": "Belo Horizonte",
      "state": "MG",
      "category": "SEDAN",
      "dailyRate": 165.0,
      "includedKmPerDay": 230,
      "transmission": "AUTOMATIC",
      "airConditioning": true,
      "availableFrom": "2025-03-01",
      "availableTo": "2025-11-30",
      "requiresCoverage": true,
      "notes": "Recomendado para clientes com apólice premium."
    },
    {
      "offerId": "rent-020",
      "partnerName": "Niterói EasyRent",
      "partnerPhone": "+55 21 2700-3344",
      "partnerEmail": "contato@niteroieasyrent.com.br",
      "partnerWebsite": "https://www.niteroieasyrent.com.br",
      "supportPhone": "0800-212-3344",
      "city": "Niterói",
      "state": "RJ",
      "category": "ECONOMY",
      "dailyRate": 119.5,
      "includedKmPerDay": 170,
      "transmission": "MANUAL",
      "airConditioning": true,
      "availableFrom": "2025-02-10",
      "availableTo": "2025-11-30",
      "requiresCoverage": false,
      "notes": "Retirada próxima à Ponte Rio-Niterói."
    },
    {
      "offerId": "rent-021",
      "partnerName": "Baía Car Niterói",
      "partnerPhone": "+55 21 2755-6677",
      "partnerEmail": "reservas@baiacarniteroi.com.br",
      "partnerWebsite": "https://www.baiacarniteroi.com.br",
      "supportPhone": "0800-217-8899",
      "city": "Niterói",
      "state": "RJ",
      "category": "COMPACT",
      "dailyRate": 135.0,
      "includedKmPerDay": 220,
      "transmission": "MANUAL",
      "airConditioning": true,
      "availableFrom": "2025-03-01",
      "availableTo": "2025-12-31",
      "requiresCoverage": false,
      "notes": "Parceria com oficinas da região oceânica de Niterói."
    },
    {
      "offerId": "rent-022",
      "partnerName": "Sorocaba Auto Rent",
      "partnerPhone": "+55 15 3333-7788",
      "partnerEmail": "contato@sorocabaautorent.com.br",
      "partnerWebsite": "https://www.sorocabaautorent.com.br",
      "supportPhone": "0800-150-7788",
      "city": "Sorocaba",
      "state": "SP",
      "category": "COMPACT",
      "dailyRate": 128.0,
      "includedKmPerDay": 200,
      "transmission": "MANUAL",
      "airConditioning": true,
      "availableFrom": "2025-02-15",
      "availableTo": "2025-12-31",
      "requiresCoverage": false,
      "notes": "Atendimento próximo às áreas industriais e oficinas credenciadas."
    },
    {
      "offerId": "rent-023",
      "partnerName": "Interior Car Sorocaba",
      "partnerPhone": "+55 15 3555-9900",
      "partnerEmail": "reservas@interiorcarsorocaba.com.br",
      "partnerWebsite": "https://www.interiorcarsorocaba.com.br",
      "supportPhone": "0800-155-9900",
      "city": "Sorocaba",
      "state": "SP",
      "category": "SEDAN",
      "dailyRate": 155.9,
      "includedKmPerDay": 230,
      "transmission": "AUTOMATIC",
      "airConditioning": true,
      "availableFrom": "2025-03-01",
      "availableTo": "2025-11-30",
      "requiresCoverage": true,
      "notes": "Sedans indicados para clientes com reparo de médio prazo."
    },
    {
      "offerId": "rent-024",
      "partnerName": "Recife Praia Rent",
      "partnerPhone": "+55 81 3333-2211",
      "partnerEmail": "contato@recifepraiarent.com.br",
      "partnerWebsite": "https://www.recifepraiarent.com.br",
      "supportPhone": "0800-810-1122",
      "city": "Recife",
      "state": "PE",
      "category": "ECONOMY",
      "dailyRate": 119.0,
      "includedKmPerDay": 180,
      "transmission": "MANUAL",
      "airConditioning": true,
      "availableFrom": "2025-02-10",
      "availableTo": "2025-12-31",
      "requiresCoverage": false,
      "notes": "Ideal para deslocamentos urbanos e orla de Recife."
    },
    {
      "offerId": "rent-025",
      "partnerName": "Nordeste Car Recife",
      "partnerPhone": "+55 81 3555-6677",
      "partnerEmail": "reservas@nordestecarrecife.com.br",
      "partnerWebsite": "https://www.nordestecarrecife.com.br",
      "supportPhone": "0800-815-2233",
      "city": "Recife",
      "state": "PE",
      "category": "SEDAN",
      "dailyRate": 152.0,
      "includedKmPerDay": 220,
      "transmission": "AUTOMATIC",
      "airConditioning": true,
      "availableFrom": "2025-03-01",
      "availableTo": "2025-11-30",
      "requiresCoverage": false,
      "notes": "Sedans recomendados para clientes com sinistros de maior duração."
    },
    {
      "offerId": "rent-026",
      "partnerName": "Fortaleza Ocean Rent",
      "partnerPhone": "+55 85 3333-7788",
      "partnerEmail": "contato@fortalezaoceanrent.com.br",
      "partnerWebsite": "https://www.fortalezaoceanrent.com.br",
      "supportPhone": "0800-850-7788",
      "city": "Fortaleza",
      "state": "CE",
      "category": "COMPACT",
      "dailyRate": 129.0,
      "includedKmPerDay": 200,
      "transmission": "MANUAL",
      "airConditioning": true,
      "availableFrom": "2025-02-15",
      "availableTo": "2025-12-31",
      "requiresCoverage": false,
      "notes": "Atendimento próximo à orla e oficinas credenciadas."
    },
    {
      "offerId": "rent-027",
      "partnerName": "Ceará Auto Rent",
      "partnerPhone": "+55 85 3555-8899",
      "partnerEmail": "reservas@cearaautorent.com.br",
      "partnerWebsite": "https://www.cearaautorent.com.br",
      "supportPhone": "0800-855-8899",
      "city": "Fortaleza",
      "state": "CE",
      "category": "SUV",
      "dailyRate": 205.0,
      "includedKmPerDay": 240,
      "transmission": "AUTOMATIC",
      "airConditioning": true,
      "availableFrom": "2025-03-01",
      "availableTo": "2025-11-30",
      "requiresCoverage": true,
      "notes": "SUV recomendado para deslocamentos em regiões litorâneas."
    },
    {
      "offerId": "rent-028",
      "partnerName": "Uberlândia City Rent",
      "partnerPhone": "+55 34 3333-2211",
      "partnerEmail": "contato@uberlandiacityrent.com.br",
      "partnerWebsite": "https://www.uberlandiacityrent.com.br",
      "supportPhone": "0800-340-1122",
      "city": "Uberlândia",
      "state": "MG",
      "category": "COMPACT",
      "dailyRate": 125.0,
      "includedKmPerDay": 200,
      "transmission": "MANUAL",
      "airConditioning": true,
      "availableFrom": "2025-02-10",
      "availableTo": "2025-12-31",
      "requiresCoverage": false,
      "notes": "Boa opção para uso urbano e deslocamentos para oficinas locais."
    },
    {
      "offerId": "rent-029",
      "partnerName": "Triângulo Car Rent",
      "partnerPhone": "+55 34 3555-6677",
      "partnerEmail": "reservas@triangulocarrent.com.br",
      "partnerWebsite": "https://www.triangulocarrent.com.br",
      "supportPhone": "0800-345-6677",
      "city": "Uberlândia",
      "state": "MG",
      "category": "SEDAN",
      "dailyRate": 149.0,
      "includedKmPerDay": 220,
      "transmission": "AUTOMATIC",
      "airConditioning": true,
      "availableFrom": "2025-03-01",
      "availableTo": "2025-11-30",
      "requiresCoverage": false,
      "notes": "Sedans indicados para clientes corporativos."
    },
    {
      "offerId": "rent-030",
      "partnerName": "Vitória SeaSide Rent",
      "partnerPhone": "+55 27 3333-8899",
      "partnerEmail": "contato@vitoriaseasiderent.com.br",
      "partnerWebsite": "https://www.vitoriaseasiderent.com.br",
      "supportPhone": "0800-270-8899",
      "city": "Vitória",
      "state": "ES",
      "category": "COMPACT",
      "dailyRate": 128.5,
      "includedKmPerDay": 200,
      "transmission": "MANUAL",
      "airConditioning": true,
      "availableFrom": "2025-02-10",
      "availableTo": "2025-12-31",
      "requiresCoverage": false,
      "notes": "Próximo às principais avenidas e oficinas credenciadas."
    },
    {
      "offerId": "rent-031",
      "partnerName": "Capixaba Auto Rent",
      "partnerPhone": "+55 27 3555-6677",
      "partnerEmail": "reservas@capixabaautorent.com.br",
      "partnerWebsite": "https://www.capixabaautorent.com.br",
      "supportPhone": "0800-275-6677",
      "city": "Vitória",
      "state": "ES",
      "category": "SEDAN",
      "dailyRate": 158.0,
      "includedKmPerDay": 230,
      "transmission": "AUTOMATIC",
      "airConditioning": true,
      "availableFrom": "2025-03-01",
      "availableTo": "2025-11-30",
      "requiresCoverage": true,
      "notes": "Sedans indicados para viagens intermunicipais."
    },
    {
      "offerId": "rent-032",
      "partnerName": "Jundiaí Auto Rent",
      "partnerPhone": "+55 11 4580-2233",
      "partnerEmail": "contato@jundiaiautorent.com.br",
      "partnerWebsite": "https://www.jundiaiautorent.com.br",
      "supportPhone": "0800-114-2233",
      "city": "Jundiaí",
      "state": "SP",
      "category": "COMPACT",
      "dailyRate": 127.0,
      "includedKmPerDay": 200,
      "transmission": "MANUAL",
      "airConditioning": true,
      "availableFrom": "2025-02-15",
      "availableTo": "2025-12-31",
      "requiresCoverage": false,
      "notes": "Próximo a oficinas e rodovias da região."
    },
    {
      "offerId": "rent-033",
      "partnerName": "Interior Rent Jundiaí",
      "partnerPhone": "+55 11 4590-3344",
      "partnerEmail": "reservas@interiorrentjundiai.com.br",
      "partnerWebsite": "https://www.interiorrentjundiai.com.br",
      "supportPhone": "0800-118-3344",
      "city": "Jundiaí",
      "state": "SP",
      "category": "SEDAN",
      "dailyRate": 151.0,
      "includedKmPerDay": 230,
      "transmission": "AUTOMATIC",
      "airConditioning": true,
      "availableFrom": "2025-03-01",
      "availableTo": "2025-11-30",
      "requiresCoverage": false,
      "notes": "Sedans adequados para deslocamentos diários e viagens curtas."
    },
    {
      "offerId": "rent-034",
      "partnerName": "Londrina City Car",
      "partnerPhone": "+55 43 3333-2211",
      "partnerEmail": "contato@londrinacitycar.com.br",
      "partnerWebsite": "https://www.londrinacitycar.com.br",
      "supportPhone": "0800-430-1122",
      "city": "Londrina",
      "state": "PR",
      "category": "ECONOMY",
      "dailyRate": 119.5,
      "includedKmPerDay": 190,
      "transmission": "MANUAL",
      "airConditioning": true,
      "availableFrom": "2025-02-10",
      "availableTo": "2025-12-31",
      "requiresCoverage": false,
      "notes": "Ideal para deslocamentos urbanos e atendimento em oficinas locais."
    },
    {
      "offerId": "rent-035",
      "partnerName": "Paraná Norte Rent",
      "partnerPhone": "+55 43 3555-6677",
      "partnerEmail": "reservas@parananorterent.com.br",
      "partnerWebsite": "https://www.parananorterent.com.br",
      "supportPhone": "0800-435-6677",
      "city": "Londrina",
      "state": "PR",
      "category": "COMPACT",
      "dailyRate": 133.0,
      "includedKmPerDay": 210,
      "transmission": "MANUAL",
      "airConditioning": true,
      "availableFrom": "2025-03-01",
      "availableTo": "2025-11-30",
      "requiresCoverage": false,
      "notes": "Compactos indicados para clientes de sinistro leve."
    },
    {
      "offerId": "rent-036",
      "partnerName": "Guarulhos Airport Rent",
      "partnerPhone": "+55 11 2444-8899",
      "partnerEmail": "contato@guarulhosairportrent.com.br",
      "partnerWebsite": "https://www.guarulhosairportrent.com.br",
      "supportPhone": "0800-114-8899",
      "city": "Guarulhos",
      "state": "SP",
      "category": "COMPACT",
      "dailyRate": 132.0,
      "includedKmPerDay": 200,
      "transmission": "MANUAL",
      "airConditioning": true,
      "availableFrom": "2025-02-10",
      "availableTo": "2025-12-31",
      "requiresCoverage": false,
      "notes": "Retirada próxima ao aeroporto e oficinas credenciadas."
    },
    {
      "offerId": "rent-037",
      "partnerName": "SP Norte Car",
      "partnerPhone": "+55 11 2555-6677",
      "partnerEmail": "reservas@spnortecar.com.br",
      "partnerWebsite": "https://www.spnortecar.com.br",
      "supportPhone": "0800-115-6677",
      "city": "Guarulhos",
      "state": "SP",
      "category": "SEDAN",
      "dailyRate": 155.5,
      "includedKmPerDay": 230,
      "transmission": "AUTOMATIC",
      "airConditioning": true,
      "availableFrom": "2025-03-01",
      "availableTo": "2025-11-30",
      "requiresCoverage": true,
      "notes": "Sedans próximos a oficinas da região metropolitana norte."
    },
    {
      "offerId": "rent-038",
      "partnerName": "Maceió Beach Rent",
      "partnerPhone": "+55 82 3333-2211",
      "partnerEmail": "contato@maceiobeachrent.com.br",
      "partnerWebsite": "https://www.maceiobeachrent.com.br",
      "supportPhone": "0800-820-1122",
      "city": "Maceió",
      "state": "AL",
      "category": "ECONOMY",
      "dailyRate": 119.0,
      "includedKmPerDay": 180,
      "transmission": "MANUAL",
      "airConditioning": true,
      "availableFrom": "2025-02-10",
      "availableTo": "2025-12-31",
      "requiresCoverage": false,
      "notes": "Veículos compactos próximos à orla e oficinas credenciadas."
    },
    {
      "offerId": "rent-039",
      "partnerName": "Alagoas Auto Rent",
      "partnerPhone": "+55 82 3555-6677",
      "partnerEmail": "reservas@alagoasautorent.com.br",
      "partnerWebsite": "https://www.alagoasautorent.com.br",
      "supportPhone": "0800-825-6677",
      "city": "Maceió",
      "state": "AL",
      "category": "COMPACT",
      "dailyRate": 133.0,
      "includedKmPerDay": 210,
      "transmission": "MANUAL",
      "airConditioning": true,
      "availableFrom": "2025-03-01",
      "availableTo": "2025-11-30",
      "requiresCoverage": false,
      "notes": "Compactos indicados para uso misto urbano-rodoviário."
    },
    {
      "offerId": "rent-040",
      "partnerName": "João Pessoa Atlantic Rent",
      "partnerPhone": "+55 83 3333-2211",
      "partnerEmail": "contato@jpatlanticrent.com.br",
      "partnerWebsite": "https://www.jpatlanticrent.com.br",
      "supportPhone": "0800-830-1122",
      "city": "João Pessoa",
      "state": "PB",
      "category": "ECONOMY",
      "dailyRate": 118.0,
      "includedKmPerDay": 180,
      "transmission": "MANUAL",
      "airConditioning": true,
      "availableFrom": "2025-02-10",
      "availableTo": "2025-12-31",
      "requiresCoverage": false,
      "notes": "Opções econômicas próximas a oficinas credenciadas."
    },
    {
      "offerId": "rent-041",
      "partnerName": "Paraíba Car Rent",
      "partnerPhone": "+55 83 3555-6677",
      "partnerEmail": "reservas@paraibacarrent.com.br",
      "partnerWebsite": "https://www.paraibacarrent.com.br",
      "supportPhone": "0800-835-6677",
      "city": "João Pessoa",
      "state": "PB",
      "category": "COMPACT",
      "dailyRate": 132.0,
      "includedKmPerDay": 210,
      "transmission": "MANUAL",
      "airConditioning": true,
      "availableFrom": "2025-03-01",
      "availableTo": "2025-11-30",
      "requiresCoverage": false,
      "notes": "Ideal para clientes com sinistros leves na região."
    },
    {
      "offerId": "rent-042",
      "partnerName": "Natal Sun Rent",
      "partnerPhone": "+55 84 3333-2211",
      "partnerEmail": "contato@natalsunrent.com.br",
      "partnerWebsite": "https://www.natalsunrent.com.br",
      "supportPhone": "0800-840-1122",
      "city": "Natal",
      "state": "RN",
      "category": "ECONOMY",
      "dailyRate": 119.5,
      "includedKmPerDay": 190,
      "transmission": "MANUAL",
      "airConditioning": true,
      "availableFrom": "2025-02-10",
      "availableTo": "2025-12-31",
      "requiresCoverage": false,
      "notes": "Carros econômicos próximos às oficinas credenciadas de Natal."
    },
    {
      "offerId": "rent-043",
      "partnerName": "Rio Grande Norte Rent",
      "partnerPhone": "+55 84 3555-6677",
      "partnerEmail": "reservas@riograndenorterent.com.br",
      "partnerWebsite": "https://www.riograndenorterent.com.br",
      "supportPhone": "0800-845-6677",
      "city": "Natal",
      "state": "RN",
      "category": "COMPACT",
      "dailyRate": 133.0,
      "includedKmPerDay": 210,
      "transmission": "MANUAL",
      "airConditioning": true,
      "availableFrom": "2025-03-01",
      "availableTo": "2025-11-30",
      "requiresCoverage": false,
      "notes": "Compactos com boa relação custo-benefício para clientes da região."
    },
    {
      "offerId": "rent-044",
      "partnerName": "Manaus Forest Rent",
      "partnerPhone": "+55 92 3333-2211",
      "partnerEmail": "contato@manausforestrent.com.br",
      "partnerWebsite": "https://www.manausforestrent.com.br",
      "supportPhone": "0800-920-1122",
      "city": "Manaus",
      "state": "AM",
      "category": "COMPACT",
      "dailyRate": 132.0,
      "includedKmPerDay": 200,
      "transmission": "MANUAL",
      "airConditioning": true,
      "availableFrom": "2025-02-10",
      "availableTo": "2025-12-31",
      "requiresCoverage": false,
      "notes": "Veículos compactos para circulação urbana em Manaus."
    },
    {
      "offerId": "rent-045",
      "partnerName": "Amazonas Auto Rent",
      "partnerPhone": "+55 92 3555-6677",
      "partnerEmail": "reservas@amazonasautorent.com.br",
      "partnerWebsite": "https://www.amazonasautorent.com.br",
      "supportPhone": "0800-925-6677",
      "city": "Manaus",
      "state": "AM",
      "category": "SUV",
      "dailyRate": 209.0,
      "includedKmPerDay": 250,
      "transmission": "AUTOMATIC",
      "airConditioning": true,
      "availableFrom": "2025-03-01",
      "availableTo": "2025-11-30",
      "requiresCoverage": true,
      "notes": "SUVs indicados para deslocamentos em regiões com vias não pavimentadas."
    },
    {
      "offerId": "rent-046",
      "partnerName": "Belém River Rent",
      "partnerPhone": "+55 91 3333-2211",
      "partnerEmail": "contato@belemriverrent.com.br",
      "partnerWebsite": "https://www.belemriverrent.com.br",
      "supportPhone": "0800-910-1122",
      "city": "Belém",
      "state": "PA",
      "category": "ECONOMY",
      "dailyRate": 120.0,
      "includedKmPerDay": 190,
      "transmission": "MANUAL",
      "airConditioning": true,
      "availableFrom": "2025-02-10",
      "availableTo": "2025-12-31",
      "requiresCoverage": false,
      "notes": "Opção econômica próxima às oficinas credenciadas de Belém."
    },
    {
      "offerId": "rent-047",
      "partnerName": "Pará Auto Rent",
      "partnerPhone": "+55 91 3555-6677",
      "partnerEmail": "reservas@paraautorent.com.br",
      "partnerWebsite": "https://www.paraautorent.com.br",
      "supportPhone": "0800-915-6677",
      "city": "Belém",
      "state": "PA",
      "category": "COMPACT",
      "dailyRate": 134.0,
      "includedKmPerDay": 210,
      "transmission": "MANUAL",
      "airConditioning": true,
      "availableFrom": "2025-03-01",
      "availableTo": "2025-11-30",
      "requiresCoverage": false,
      "notes": "Compactos indicados para clientes com sinistro ativo na região metropolitana de Belém."
    }
  ]
}
